"term","estimate","std.error","statistic","p.value","conf.low","conf.high"
"dd_gradeGrade I",1.44926170536315,0.22726433224654,1.63269904423227,0.102532308560422,0.928322905574058,2.26253114947465
"dd_gradeGrade II",1.45483314915484,0.251717500853435,1.48933315584512,0.136399660965007,0.888282002498414,2.38273373312387
"dd_gradeGrade III",3.08185328397662,0.435829098159932,2.58250570316682,0.00980857410136443,1.3116971010899,7.24086350123491
"dd_gradeIndeterminate",NA,0,NA,NA,NA,NA
"age",1.00131589206641,0.00535465990349776,0.24558553912249,0.806003084574015,0.990862093247257,1.01187998061256
"SexFemale",1.2625141079319,0.168052847146903,1.3870937664073,0.165413172582564,0.908216519504852,1.7550240922683
"LBMI",1.03554897032425,0.0160520735729245,2.17614827476469,0.0295441751862808,1.00347623426824,1.06864680330133
